{
    "Mentiongift": false,
    "Mentionkick": false,
    "Respontag": "แท็คไมอย่าแทคสิ เอาของขวัญไปแล้วหยุดแท็คได้และ👏👍",
    "Talkblacklist": {},
    "Talkdblacklist": false,
    "Talkwblacklist": false,
    "addadmin": false,
    "addbots": false,
    "addstaff": false,
    "admin": {},
    "autoAdd": false,
    "autoJoin": false,
    "autoLeave": false,
    "autoLeave1": false,
    "autoRead": false,
    "autoRead2": false,
    "blacklist": {},
    "bots": {},
    "comment1":{},
    "contact": false,
    "dblacklist": false,
    "delladmin": false,
    "dellbots": false,
    "dellstaff": false,
    "detectMention": false,
    "leave": {},
    "limit": 10,
    "limits": 1,
    "mention": {},
    "message": {},
    "owner": {},
    "selfbot": true,
    "staff": {},
    "sticker": false,
    "talkban": false,
    "unsend": false,
    "wblacklist": false,
    "welcome": {},
    "welcomeOn": false
}