{
    "Mentiongift": false,
    "Mentionkick": false,
    "Respontag": "แท็คไมอย่าแทคสิ เอาของขวัญไปแล้วหยุดแท็คได้และ👏👍",
    "Talkblacklist": {},
    "Talkdblacklist": false,
    "Talkwblacklist": false,
    "addadmin": false,
    "addbots": false,
    "addstaff": false,
    "admin": {},
    "autoAdd": false,
    "autoJoin": false,
    "autoLeave": false,
    "autoLeave1": false,
    "autoRead": false,
    "autoRead2": false,
    "autoLike": true,
    "commentOn": false,
    "sukaPost": false,
    "blacklist": {},
    "bots": {},
    "comment":"Auto Like ✫βοτ☠️ɴᴏᴛᴀᴘʜᴀsᴇ✫",
    "contact": false,
    "dblacklist": false,
    "delladmin": false,
    "dellbots": false,
    "dellstaff": false,
    "detectMention": false,
    "leave": "Good Bye, See You Next Time 😃",
    "limit": 10,
    "limits": 1,
    "mention": "Hayoo ngintip -_-",
    "message": "🌷สนใจติดเชล 👉ไฟลเชล เชลเดียว เชลคิกเกอร์ 🌷สคิปบิน สคิปเชล 👉เซิฟเวอร์  (^_^)\n\n🍒ติดต่อผู้สร้าง : http://line.me/ti/p/%40scj2592u\n\n-AUTO ADD TON",
    "owner": {},
    "selfbot": true,
    "staff": {},
    "sticker": false,
    "talkban": false,
    "unsend": false,
    "wblacklist": false,
    "welcome": "Selamat datang & semoga Betah",
    "welcomeOn": false
}